Customer Branch Name [634],Registered Name [635],TIN [636],Contact Number [637],Delivery Address [638],Business Type [639],Business Style [640],Contact Person [641],Destination [642],Registered Address [643],Agent [733]
Customer ID,Customer Name,,Telephone 1,Bill To Address 1,Type,,Contact,,,2049
ASIAN CHEM,ASIAN CHEMICAL CORPORATION,,812-6466-68,RM 204 LE METROPOLE,C-CI,, ,,,2049
BOY TISOY,BOY TISOY,,,,,, ,,,2049
BUSS BARR CORP,BUSS BARR CORP,,,West Service Rd,,,Daryl Teves ,,,2049
CAVACON,CAVACON CORPORATION,,556-6609,2176 CHINO ROCES AVE,,,RICARDO CHUA ,,,2049
DRAGONHART CONST.,"DRAGONHART CONSTRUCTION ENTERP., INC.",,682-9336,Blk 3 Lot 4 Forest H,,, ,,,2049
E.M ANGELES,E.M ANGELES,,,MUNTINLUPA CITY,,, ,,,2049
ELMER CATIBOG,ELMER CATIBOG,,,LEMERY BATANGAS,,, ,,,2049
EM ANGELES,EM ANGELES,,,,,, ,,,2049
EPL A/S,EPL AUTO SUPPLY,,861-8708,BAYANAN MUNTINLUPA,,, ,,,2049
EVEEI,ELECTRIC VEHICLE EXPANSION ENT. INC,,,B41 ALABANG-ZAPOTE R,,, ,,,2049
EXAN BUILDERS,EXAN BUILDERS CORPORATION,,646-58-06 TO 07,72 C.SANTOS ST. EVAN,,, ,,,2049
FVM JOURNEY TOURS,FVM JOURNEY TOURS,,,BLK15 LOT17 PILI ST.,,, ,,,2049
GAPUZAN TRUCK,GAPUZAN TRUCKING,,873-1851,#71 VERDANT AVE. VER,,, ,,,2049
J.E MANALO & CO. INC,J.E MANALO & CO. INC.,,641-2796 TO 98,1188 BERNAL ST. ROSA,,, ,,,2049
JCRCC,J.C. RODRIGUEZ CONSTRUCTION CORP.,,,167 JP Rizal St. Man,,, ,,,2049
JULIET LUMABI,JULIET LUMABI,,,BLK 9B MARTINEZ CMPD,,, ,,,2049
KINGS COACH,KINGS COACH & TRANSPORT CORP,,,"1016 SUNRISE ST., CO",,, ,,,2049
MD LAQUINDANUM,MD LAQUINDANUM,,454-6833,125 TANDANG SORA AVE,,, ,,,2049
OPTIMUS FREIGHT,OPTIMUS FREIGHT FORWARDING,,,"15J TONGUIAO, BF HOM",,, ,,,2049
PACIFIC CONCRETE,"PACIFIC CONCRETE PRODUCTS,INC.",,,#15 WEST AVENUE,,, ,,,2049
REDGOLD FORWARDERS,REDGOLD FORWARDERS INC.,,,3RD ST. SUMMERVILLE,,, ,,,2049
RODELAS BUILDERS,RODELAS BUILDERS & SUPPLY,,734-2837,Km. 19 West Service,,, ,,,2049
SEDAH CO. LTD,SEDAH CO. LTD,,9991051801,EVACOM,K-CI,, ,,,2049
SMA CARGO,SMA CARGO MOVERS,,880-4760,SAN DIONISIO,,, ,,,2049
SOLID INTEGRATED CO.,"SOLID INTEGRATED CO., INC.",,948-03-01 to 05,Brgy. San Jose Rodri,,, ,,,2049
STONE BROTHERS,STONE BROTHERS INCORPORATED,,,310 MIDTOWN EXECUTIV,,, ,,,2049
SUN AND EARTH,SUN AND EARTH CORPORATION,,556-6609,2176 CHINO ROCES AVE,,,RICARDO CHUA ,,,2049
SUN MARCUS/G4FACTOR,SUN MARCUS EXPRESS CORP.,,843-8288,"KM 16, RSTI Compound",,,Alfie Amido ,,,2049
SUPERMIX REDI,"SUPERMIX REDI CONCRETE, INC",,,"Brgy. Manggahan, Rod",,, ,,,2049
TOPSTRONG,TOPSTRONG PRODUCT CORP.,,984-37-65 to 66,"6062 Tatalon St., Ug",,,Susan Tan ,,,2049
TRI FAST,TRI FAST,,209-8130,"Lot 8, Blk 16, Canay",K-CI,, ,,,2049
ULTIMATE EXPRESS,ULTIMATE EXPRESS,,209-8130,"Lot 8, Blck 16, Cana",K-CI,, ,,,2049
VINCE A/S,VINCE AUTO SUPPLY,,,LEMERY,,, ,,,2049
VPD,VPD,,0922-8498783,General Malvar St.,C-CI,, ,,,2049
XVC LOGISTICS,"XVC LOGISTICS, Inc",,809-9785 / 842-9799,"3rd Floor, Aurora Bu",C-CI,, ,,,2049